sym1,sym2,sector,hedge_ratio,half_life,correlation,lots1,lots2,spread_mean,spread_std,is_resampled,entry_z,exit_z,stop_z,n_trades,n_per_day,win_rate,avg_net_pnl,total_pnl,daily_pnl,sharpe,avg_hold_bars,stop_rate
PHOENIXLTD26MAYFUT,DLF26MAYFUT,realty,2.09082,232.3,0.8815,1,2,546.15491,20.843389,False,1.5,0.75,3.5,10,0.7,0.9,67934.39,679343.91,48524.57,6.99,314.1,0.1
GRASIM26MAYFUT,BAJAJHLDNG26MAYFUT,mixed,0.23444,55.3,0.5173,1,1,593.9154,90.984839,True,1.5,0.0,3.5,8,0.6,0.75,82728.9,661831.19,47273.66,8.54,29.2,0.0
GODREJPROP26MAYFUT,PHOENIXLTD26MAYFUT,realty,0.721383,1037.2,0.6791,1,1,467.064692,27.48072,False,2.0,0.0,4.0,10,0.7,1.0,49054.64,490546.36,35039.03,7.77,1538.3,0.0
BDL26MAYFUT,HAL26MAYFUT,infra,0.177252,602.1,0.9676,1,1,513.827571,62.843552,False,2.5,0.0,3.5,27,1.9,0.0741,17862.89,482297.97,34449.85,9.29,137.5,0.9259
ASIANPAINT26MAYFUT,BAJAJFINSV26MAYFUT,mixed,0.824629,864.1,0.6959,1,1,1182.274484,20.80747,False,2.0,0.0,5.0,8,0.6,0.875,50797.27,406378.17,29027.01,7.91,1119.0,0.125
PIDILITIND26MAYFUT,BAJAJHLDNG26MAYFUT,mixed,0.012172,502.5,0.1573,1,1,1343.602335,13.652997,False,1.5,0.5,3.5,17,1.2,0.6471,4036.29,68616.86,4901.2,7.88,1090.4,0.2353
JSWSTEEL26MAYFUT,HINDALCO26MAYFUT,metals,0.041091,1388.4,0.0784,1,1,1242.817901,10.137252,False,2.0,0.3,3.5,7,0.5,1.0,9648.57,67539.98,4824.28,18.12,1359.9,0.0
JSWSTEEL26MAYFUT,VEDL26MAYFUT,metals,1.060573,1097.4,0.4701,1,2,938.95111,9.423397,False,1.5,0.5,3.5,16,1.1,0.75,3808.95,60943.21,4353.09,33.59,1255.8,0.0
CHOLAFIN26MAYFUT,LICHSGFIN26MAYFUT,nbfc,1.594073,639.0,0.9025,1,3,671.326324,22.275775,False,1.5,0.0,3.5,8,0.6,0.875,7410.32,59282.54,4234.47,14.37,1550.0,0.0
POWERGRID26MAYFUT,NTPC26MAYFUT,infra,1.251185,719.1,0.8287,1,1,-191.90135,3.031635,False,1.5,0.75,3.5,12,0.9,1.0,4898.26,58779.06,4198.5,20.07,919.1,0.0
PRESTIGE26MAYFUT,DLF26MAYFUT,realty,1.877812,689.4,0.7868,1,2,284.292923,14.898766,False,1.5,0.75,3.5,12,0.9,1.0,4791.0,57491.97,4106.57,23.52,781.5,0.0
GODREJPROP26MAYFUT,DLF26MAYFUT,realty,1.831266,624.0,0.7622,1,2,669.142222,19.797051,False,1.5,0.3,5.0,8,0.6,1.0,7132.8,57062.43,4075.89,31.1,1482.2,0.0
DIVISLAB26MAYFUT,ALKEM26MAYFUT,pharma,0.648362,1304.3,0.601,1,1,3254.788694,67.228212,False,1.5,0.0,3.5,16,1.1,0.5625,3343.9,53502.44,3821.6,14.21,1715.5,0.0
OBEROIRLTY26MAYFUT,DLF26MAYFUT,realty,2.378654,524.8,0.8845,1,2,264.636593,15.328192,False,1.5,0.0,3.5,9,0.6,0.8889,5713.41,51420.66,3672.9,16.74,1182.9,0.0
LUPIN26MAYFUT,TORNTPHARM26MAYFUT,pharma,0.203386,1193.2,0.6984,1,1,1366.020525,13.776943,False,1.5,0.0,3.5,24,1.7,0.625,2129.8,51115.2,3651.09,23.69,1685.7,0.0
GODREJPROP26MAYFUT,PRESTIGE26MAYFUT,realty,0.874375,722.0,0.8365,1,1,531.94183,23.610918,False,1.5,0.3,3.5,16,1.1,0.75,3176.43,50822.88,3630.21,19.65,1577.8,0.0
GODREJPROP26MAYFUT,OBEROIRLTY26MAYFUT,realty,0.701243,1657.3,0.704,1,1,581.440359,21.915983,False,1.5,0.0,3.5,14,1.0,0.8571,3534.23,49479.24,3534.23,14.7,1676.4,0.0
NESTLEIND26MAYFUT,TATACONSUM26MAYFUT,fmcg,1.082854,1140.4,0.905,1,1,127.422829,12.481163,False,1.5,0.0,3.5,17,1.2,0.7059,2266.55,38531.39,2752.24,12.14,1576.0,0.0
TECHM26MAYFUT,TCS26MAYFUT,it,0.994428,1625.5,0.9121,1,2,-841.007905,30.070594,False,1.5,0.0,3.5,12,0.9,0.5,2880.3,34563.6,2468.83,4.66,1540.3,0.0
EICHERMOT26MAYFUT,MARUTI26MAYFUT,auto,0.58911,653.2,0.8557,1,1,-690.015417,102.626015,False,3.0,0.75,4.0,3,0.2,1.0,11122.06,33366.18,2383.3,35.41,1449.7,0.0
INFY26MAYFUT,TCS26MAYFUT,it,0.801986,1390.9,0.9526,1,1,-667.897304,9.774233,False,1.5,0.75,5.0,33,2.4,0.697,1004.82,33159.22,2368.52,13.64,976.6,0.1818
ASIANPAINT26MAYFUT,OBEROIRLTY26MAYFUT,mixed,0.555565,1100.2,0.6937,1,1,1720.000329,24.014183,False,1.5,0.0,5.0,19,1.4,0.5263,1708.77,32466.7,2319.05,14.11,1081.8,0.3684
ASIANPAINT26MAYFUT,PIDILITIND26MAYFUT,mixed,1.017204,732.0,0.6893,1,1,1144.65406,29.930549,False,1.5,0.75,4.0,10,0.7,0.9,3142.44,31424.4,2244.6,28.57,1546.0,0.0
JSWSTEEL26MAYFUT,TATASTEEL26MAYFUT,metals,1.13502,948.2,0.632,1,2,1046.009056,10.241464,False,2.5,0.0,3.5,4,0.3,1.0,7371.04,29484.16,2106.01,20.13,1800.0,0.0
SUNPHARMA26MAYFUT,DRREDDY26MAYFUT,pharma,0.723666,480.8,0.9256,1,1,912.053824,20.866487,False,1.5,0.75,3.5,10,0.7,0.8,2756.17,27561.71,1968.69,12.05,1285.2,0.0
ADANIENT26MAYFUT,BAJAJHLDNG26MAYFUT,mixed,0.300724,33.2,0.6261,1,1,-381.539123,104.319136,True,2.0,0.0,3.5,10,0.7,0.7,2748.77,27487.67,1963.4,18.62,30.0,0.0
PIDILITIND26MAYFUT,OBEROIRLTY26MAYFUT,mixed,0.349611,1401.9,0.6317,1,1,892.570873,10.135836,False,1.5,0.0,3.5,14,1.0,0.5714,1856.58,25992.08,1856.58,9.63,1561.0,0.0
HAVELLS26MAYFUT,BLUESTARCO26MAYFUT,industrials,0.319916,660.0,0.8094,1,1,672.197047,7.402681,False,1.5,0.0,3.5,16,1.1,0.6875,1412.93,22606.81,1614.77,22.9,1616.8,0.0
ADANIPORTS26MAYFUT,ADANIENT26MAYFUT,mixed,0.2301,1487.1,0.8661,1,1,1153.705553,15.768549,False,2.0,0.0,3.5,10,0.7,0.5,2175.21,21752.1,1553.72,8.16,1608.0,0.0
OBEROIRLTY26MAYFUT,PHOENIXLTD26MAYFUT,realty,0.93529,678.4,0.8321,1,1,1.060114,18.061369,False,2.5,0.0,3.5,3,0.2,1.0,7174.15,21522.44,1537.32,15.69,1208.3,0.0
HEROMOTOCO26MAYFUT,MARUTI26MAYFUT,auto,0.501109,568.0,0.8491,1,1,-1583.952143,77.885842,False,1.5,0.75,3.5,10,0.7,0.5,2136.98,21369.82,1526.42,9.24,1591.9,0.0
MARUTI26MAYFUT,TVSMOTOR26MAYFUT,auto,1.013403,1444.6,0.6985,1,1,9637.913301,110.070882,False,2.5,0.0,5.0,3,0.2,1.0,7099.93,21299.8,1521.41,47.67,1508.7,0.0
HAVELLS26MAYFUT,VOLTAS26MAYFUT,industrials,0.260438,1178.3,0.6526,1,1,869.466287,9.765827,False,1.5,0.0,3.5,12,0.9,0.6667,1723.53,20682.35,1477.31,7.65,1644.2,0.0
BPCL26MAYFUT,IOC26MAYFUT,energy,1.694286,726.7,0.9578,1,1,58.548424,2.617938,False,2.0,0.5,3.5,5,0.4,0.8,3425.26,17126.29,1223.31,17.0,1297.2,0.0
SBIN26MAYFUT,BANKBARODA26MAYFUT,banking,2.537701,1033.3,0.8391,1,2,286.468978,4.868366,False,2.5,0.0,3.5,5,0.4,0.8,3307.63,16538.17,1181.3,18.68,1394.6,0.0
BAJAJFINSV26MAYFUT,OBEROIRLTY26MAYFUT,mixed,0.44295,1491.5,0.7269,1,1,1031.704517,15.232297,False,1.5,0.0,3.5,19,1.4,0.6842,869.26,16515.86,1179.7,9.13,1742.7,0.0
ASIANPAINT26MAYFUT,BAJAJHLDNG26MAYFUT,mixed,0.037867,139.1,0.3282,1,1,2240.476133,32.230302,False,2.0,0.0,5.0,9,0.6,0.4444,1802.5,16222.47,1158.75,10.91,1000.4,0.4444
HCLTECH26MAYFUT,INFY26MAYFUT,it,0.664627,999.3,0.972,1,1,388.487502,6.678476,False,1.5,0.3,3.5,23,1.6,0.6087,530.68,12205.68,871.83,6.27,1546.3,0.0
HCLTECH26MAYFUT,TCS26MAYFUT,it,0.565269,601.8,0.9719,1,1,-129.249841,7.611765,False,1.5,0.0,3.5,29,2.1,0.4828,415.4,12046.57,860.47,5.01,1180.6,0.2414
HEROMOTOCO26MAYFUT,EICHERMOT26MAYFUT,auto,0.572727,1563.3,0.7001,1,1,957.104648,123.0464,False,1.5,0.3,3.5,11,0.8,0.4545,1064.64,11711.03,836.5,2.4,1780.0,0.0
LUPIN26MAYFUT,DIVISLAB26MAYFUT,pharma,0.188905,1030.8,0.6919,1,1,974.503807,23.511295,False,1.5,0.75,3.5,14,1.0,0.5,543.17,7604.44,543.17,2.82,1639.7,0.0
HEROMOTOCO26MAYFUT,M&M26MAYFUT,auto,1.338946,1579.6,0.7032,1,2,823.763065,36.491445,False,1.5,0.0,4.0,15,1.1,0.6667,298.33,4474.95,319.64,1.06,1740.3,0.0
MARUTI26MAYFUT,M&M26MAYFUT,auto,2.740078,886.0,0.8281,1,3,4580.995138,152.983834,False,2.5,0.0,3.5,5,0.4,0.6,441.89,2209.43,157.82,2.12,1800.0,0.0
BAJFINANCE26MAYFUT,FEDERALBNK26MAYFUT,nbfc,2.441113,1064.6,0.6567,1,2,219.222764,11.586096,False,1.5,0.75,3.5,8,0.6,0.5,148.45,1187.59,84.83,0.54,1126.8,0.0
