sym1,sym2,sector,ok,pvalue,adf_stat,hedge_ratio,intercept,half_life_secs,spread_mean,spread_std,spread_std_bps,correlation,n_bars,daily_signals,r_squared
HCLTECH26MAYFUT,TCS26MAYFUT,it,True,0.0,-7.3781,0.565269,-131.5222,601.8,-131.5222,5.2523,30.64,0.9719,109569,40.2,0.9446
SUNPHARMA26MAYFUT,DRREDDY26MAYFUT,pharma,True,0.0,-6.6874,0.723666,922.4035,480.8,922.4035,7.1244,44.72,0.9256,62546,29.6,0.8567
HAVELLS26MAYFUT,BLUESTARCO26MAYFUT,industrials,True,0.0,-5.8313,0.319916,670.261,660.0,670.261,5.3371,37.37,0.8094,99693,22.8,0.6551
EICHERMOT26MAYFUT,MARUTI26MAYFUT,auto,True,0.0,-5.845,0.58911,-740.2248,653.2,-740.2248,34.6011,34.54,0.8557,90301,34.1,0.7322
HEROMOTOCO26MAYFUT,MARUTI26MAYFUT,auto,True,0.0,-5.931,0.501109,-1542.7707,568.0,-1542.7707,27.1608,30.05,0.8491,78832,53.0,0.721
BAJAJHLDNG26MAYFUT,OBEROIRLTY26MAYFUT,mixed,True,0.0,-53.9233,3.559487,4528.6264,11.2,4528.6264,136.1177,227.57,0.5507,90911,6.8,0.3033
BAJAJFINSV26MAYFUT,BAJAJHLDNG26MAYFUT,mixed,True,0.0,-43.1692,0.067124,1051.0277,16.6,1051.0277,11.2826,18.68,0.6807,87666,38.0,0.4633
BAJAJHLDNG26MAYFUT,MUTHOOTFIN26MAYFUT,mixed,True,0.0,-45.6221,-0.64302,12489.9404,18.3,12489.9404,158.4989,231.54,-0.4161,108593,14.8,0.1731
PIDILITIND26MAYFUT,BAJAJHLDNG26MAYFUT,mixed,True,0.0,-6.5828,0.012172,1340.6961,502.5,1340.6961,14.663,24.99,0.1573,63038,8.8,0.0247
TITAN26MAYFUT,BAJAJHLDNG26MAYFUT,mixed,True,0.0,-11.0481,0.091867,3167.4989,106.3,3167.4989,36.0064,49.86,0.3687,107310,4.2,0.1359
ASIANPAINT26MAYFUT,BAJAJHLDNG26MAYFUT,mixed,True,0.0,-14.7755,0.037867,2226.7624,139.1,2226.7624,18.7884,29.02,0.3282,91098,9.1,0.1077
GRASIM26MAYFUT,BAJAJHLDNG26MAYFUT,mixed,True,0.0,-23.8372,0.23444,565.0,55.3,565.0,70.6008,105.91,0.5173,90631,28.2,0.2676
BHARTIARTL26MAYFUT,BAJAJHLDNG26MAYFUT,mixed,True,0.0,-25.779,0.152538,309.8766,54.8,309.8766,42.7446,70.1,0.5252,104672,4.1,0.2758
ADANIENT26MAYFUT,BAJAJHLDNG26MAYFUT,mixed,True,0.0,-33.38,0.300724,-428.6456,33.2,-428.6456,65.3192,100.46,0.6261,105742,14.1,0.392
ADANIPORTS26MAYFUT,BAJAJHLDNG26MAYFUT,mixed,True,0.0,-40.0073,0.092658,818.787,22.4,818.787,16.9639,28.06,0.6762,101930,26.6,0.4572
BDL26MAYFUT,HAL26MAYFUT,infra,True,0.0,-6.0435,0.177252,536.6015,602.1,536.6015,6.9939,24.33,0.9676,101841,31.8,0.9363
BAJAJHLDNG26MAYFUT,COCHINSHIP26MAYFUT,mixed,True,0.0,-43.3292,-0.799414,11577.4341,19.8,11577.4341,166.8942,280.69,-0.3051,105559,7.0,0.0931
HCLTECH26MAYFUT,INFY26MAYFUT,it,True,1e-06,-5.7371,0.664627,387.3561,999.3,387.3561,5.2003,45.17,0.972,122182,35.5,0.9448
PHOENIXLTD26MAYFUT,DLF26MAYFUT,realty,True,1e-06,-5.7547,2.09082,546.4393,232.3,546.4393,11.2443,96.43,0.8815,30495,12.5,0.7771
GODREJPROP26MAYFUT,PRESTIGE26MAYFUT,realty,True,2e-06,-5.4876,0.874375,521.7944,722.0,521.7944,13.6371,88.27,0.8365,88183,14.1,0.6997
MARUTI26MAYFUT,M&M26MAYFUT,auto,True,3e-06,-5.4515,2.740078,4509.1695,886.0,4509.1695,54.1106,66.86,0.8281,105219,21.0,0.6858
RELIANCE26MAYFUT,BAJAJHLDNG26MAYFUT,mixed,True,5e-06,-5.3374,-0.010495,1460.6354,1237.9,1460.6354,14.6457,25.08,-0.1264,103785,14.2,0.016
ASIANPAINT26MAYFUT,BAJAJFINSV26MAYFUT,mixed,True,6e-06,-5.2689,0.824629,1177.5811,864.1,1177.5811,13.4854,61.8,0.6959,78885,13.6,0.4843
ASIANPAINT26MAYFUT,OBEROIRLTY26MAYFUT,mixed,True,1e-05,-5.178,0.555565,1712.9508,1100.2,1712.9508,14.5344,68.4,0.6937,89738,23.1,0.4812
OBEROIRLTY26MAYFUT,PHOENIXLTD26MAYFUT,realty,True,2.2e-05,-5.0045,0.93529,-6.5363,678.4,-6.5363,13.9625,82.47,0.8321,85902,38.0,0.6924
BPCL26MAYFUT,IOC26MAYFUT,energy,True,2.7e-05,-4.9556,1.694286,57.3062,726.7,57.3062,1.7476,82.0,0.9578,71839,18.0,0.9174
INFY26MAYFUT,TCS26MAYFUT,it,True,5.8e-05,-4.787,0.801986,-669.67,1390.9,-669.67,10.0895,58.88,0.9526,111018,28.2,0.9075
JSWSTEEL26MAYFUT,TATASTEEL26MAYFUT,metals,True,8.4e-05,-4.7015,1.13502,1043.3648,948.2,1043.3648,8.1156,108.22,0.632,63042,18.6,0.3994
ASIANPAINT26MAYFUT,PIDILITIND26MAYFUT,mixed,True,9.7e-05,-4.6661,1.017204,1128.0862,732.0,1128.0862,14.6313,71.76,0.6893,54570,21.6,0.4751
LUPIN26MAYFUT,DIVISLAB26MAYFUT,pharma,True,0.000107,-4.6438,0.188905,963.1793,1030.8,963.1793,12.8059,28.12,0.6919,78663,20.1,0.4787
SBIN26MAYFUT,BANKBARODA26MAYFUT,banking,True,0.000135,-4.5899,2.537701,287.0057,1033.3,287.0057,5.1589,84.45,0.8391,74052,30.1,0.7042
LUPIN26MAYFUT,TORNTPHARM26MAYFUT,pharma,True,0.000157,-4.5544,0.203386,1364.4679,1193.2,1364.4679,12.6165,37.89,0.6984,90390,28.0,0.4878
MARUTI26MAYFUT,TVSMOTOR26MAYFUT,auto,True,0.00021,-4.4843,1.013403,9596.2493,1444.6,9596.2493,70.0646,85.01,0.6985,104941,22.8,0.488
DIVISLAB26MAYFUT,ALKEM26MAYFUT,pharma,True,0.000324,-4.3783,0.648362,3280.1394,1304.3,3280.1394,50.5572,81.79,0.601,78029,10.9,0.3612
ADANIPORTS26MAYFUT,ADANIENT26MAYFUT,mixed,True,0.000328,-4.3753,0.2301,1160.0907,1487.1,1160.0907,11.23,50.45,0.8661,108895,31.0,0.7502
BAJFINANCE26MAYFUT,FEDERALBNK26MAYFUT,nbfc,True,0.000395,-4.3294,2.441113,222.065,1064.6,222.065,6.1316,102.37,0.6567,62159,27.5,0.4313
ADANIPORTS26MAYFUT,TITAN26MAYFUT,mixed,True,0.000451,-4.2964,0.42547,24.1618,1811.6,24.1618,15.6181,53.01,0.7238,112247,24.9,0.5239
NESTLEIND26MAYFUT,TATACONSUM26MAYFUT,fmcg,True,0.000513,-4.2636,1.082854,122.3892,1140.4,122.3892,9.2927,70.23,0.905,77022,11.2,0.819
HINDUNILVR26MAYFUT,NESTLEIND26MAYFUT,fmcg,True,0.000553,-4.2449,1.294863,384.8989,1567.6,384.8989,13.875,75.4,0.8896,97086,19.9,0.7914
HINDUNILVR26MAYFUT,TATACONSUM26MAYFUT,fmcg,True,0.000579,-4.233,1.42963,507.102,1611.3,507.102,14.1635,81.81,0.8984,96152,22.9,0.8071
RELIANCE26MAYFUT,ASIANPAINT26MAYFUT,mixed,True,0.000633,-4.2101,0.418987,252.6123,2383.6,252.6123,11.1589,56.23,0.5986,97913,9.6,0.3583
POWERGRID26MAYFUT,NTPC26MAYFUT,infra,True,0.000658,-4.2004,1.251185,-191.4536,719.1,-191.4536,2.7491,79.66,0.8287,41134,15.2,0.6867
CHOLAFIN26MAYFUT,LICHSGFIN26MAYFUT,nbfc,True,0.000853,-4.1332,1.594073,661.1783,639.0,661.1783,12.9172,122.71,0.9025,36112,10.5,0.8144
ADANIPORTS26MAYFUT,BAJAJFINSV26MAYFUT,mixed,True,0.000868,-4.1287,0.631355,676.6947,2301.8,676.6947,18.4915,104.94,0.469,92961,7.4,0.22
DRREDDY26MAYFUT,TORNTPHARM26MAYFUT,pharma,True,0.001015,-4.0875,0.315014,-75.8299,2113.0,-75.8299,19.1344,67.1,0.6942,72723,12.1,0.4819
OBEROIRLTY26MAYFUT,DLF26MAYFUT,realty,True,0.00108,-4.0714,2.378654,261.943,524.8,261.943,12.8712,116.29,0.8845,30452,11.9,0.7824
HAVELLS26MAYFUT,VOLTAS26MAYFUT,industrials,True,0.001097,-4.0671,0.260438,870.9537,1178.3,870.9537,7.1434,57.91,0.6526,74587,29.0,0.4259
ADANIENT26MAYFUT,BAJAJFINSV26MAYFUT,mixed,True,0.001194,-4.0445,1.521894,32.0242,4552.1,32.0242,69.034,311.39,0.3286,93640,0.1,0.108
CIPLA26MAYFUT,AUROPHARMA26MAYFUT,pharma,True,0.001291,-4.0238,0.248489,1032.6163,1913.4,1032.6163,30.0869,206.42,0.1832,40200,3.6,0.0336
JSWSTEEL26MAYFUT,VEDL26MAYFUT,metals,True,0.001525,-3.9788,1.060573,939.9786,1097.4,939.9786,9.1689,113.49,0.4701,58318,11.5,0.221
AXISBANK26MAYFUT,IDFCFIRSTB26MAYFUT,banking,True,0.001575,-3.9702,18.001721,29.7914,883.8,29.7914,8.0545,121.83,0.8395,52895,8.9,0.7048
HEROMOTOCO26MAYFUT,M&M26MAYFUT,auto,True,0.001988,-3.9064,1.338946,823.6454,1579.6,823.6454,35.8129,88.09,0.7032,94389,32.0,0.4945
TECHM26MAYFUT,TCS26MAYFUT,it,True,0.002138,-3.8863,0.994428,-854.2938,1625.5,-854.2938,15.4603,83.8,0.9121,89204,12.5,0.8319
GODREJPROP26MAYFUT,PHOENIXLTD26MAYFUT,realty,True,0.002256,-3.8714,0.721383,457.3617,1037.2,457.3617,17.5233,100.92,0.6791,88061,15.5,0.4611
GODREJPROP26MAYFUT,OBEROIRLTY26MAYFUT,realty,True,0.002328,-3.8626,0.701243,575.2124,1657.3,575.2124,17.6958,105.57,0.704,86759,10.2,0.4957
GODREJPROP26MAYFUT,DLF26MAYFUT,realty,True,0.002468,-3.8463,1.831266,664.3971,624.0,664.3971,15.8844,138.12,0.7622,32127,13.5,0.581
EICHERMOT26MAYFUT,M&M26MAYFUT,auto,True,0.002787,-3.812,1.598197,1966.3221,1902.1,1966.3221,47.0855,93.43,0.7065,110734,28.6,0.4991
JSWSTEEL26MAYFUT,HINDALCO26MAYFUT,metals,True,0.002977,-3.7933,0.041091,1241.4843,1388.4,1241.4843,10.1077,85.74,0.0784,61482,12.9,0.0062
ASIANPAINT26MAYFUT,COCHINSHIP26MAYFUT,mixed,True,0.003305,-3.7634,0.108528,2449.3647,2236.6,2449.3647,18.9033,90.52,0.3568,98083,42.6,0.1273
ASIANPAINT26MAYFUT,MUTHOOTFIN26MAYFUT,mixed,True,0.003477,-3.7488,0.060691,2416.1663,2324.9,2416.1663,18.9617,63.64,0.2923,101117,36.1,0.0854
HDFCBANK26MAYFUT,KOTAKBANK26MAYFUT,banking,True,0.003511,-3.7459,1.627643,139.7322,1886.5,139.7322,4.8501,84.24,0.8002,98561,16.2,0.6404
CIPLA26MAYFUT,LUPIN26MAYFUT,pharma,True,0.003745,-3.7273,0.810133,-425.268,5048.6,-425.268,36.4167,198.9,0.3732,96095,15.4,0.1393
BAJAJFINSV26MAYFUT,OBEROIRLTY26MAYFUT,mixed,True,0.003987,-3.7091,0.44295,1025.0361,1491.5,1025.0361,11.0399,65.36,0.7269,82863,18.5,0.5284
CHOLAFIN26MAYFUT,FEDERALBNK26MAYFUT,nbfc,True,0.004551,-3.6703,-6.831782,3478.5033,1599.0,3478.5033,22.1929,243.3,-0.5629,59299,11.1,0.3169
ADANIPORTS26MAYFUT,MUTHOOTFIN26MAYFUT,mixed,True,0.005331,-3.6233,-0.089842,2077.7235,3486.3,2077.7235,20.2817,78.95,-0.4435,112141,10.6,0.1967
NESTLEIND26MAYFUT,BRITANNIA26MAYFUT,fmcg,True,0.005479,-3.6151,0.313801,-245.7935,2288.8,-245.7935,16.0924,47.26,0.6086,81481,13.9,0.3704
GRASIM26MAYFUT,ASIANPAINT26MAYFUT,mixed,True,0.006302,-3.5728,3.39319,-5901.9704,1888.3,-5901.9704,61.5751,219.35,0.7148,86388,12.5,0.5109
EICHERMOT26MAYFUT,TVSMOTOR26MAYFUT,auto,True,0.006347,-3.5707,0.548296,5083.761,2400.8,5083.761,52.1349,100.5,0.6241,108416,28.1,0.3895
PRESTIGE26MAYFUT,DLF26MAYFUT,realty,True,0.006603,-3.5586,1.877812,285.3144,689.4,285.3144,15.2701,156.77,0.7868,32219,7.9,0.6191
HAVELLS26MAYFUT,CROMPTON26MAYFUT,industrials,True,0.006656,-3.5562,0.924835,929.7672,1887.7,929.7672,8.014,107.37,0.486,97802,14.2,0.2362
DIVISLAB26MAYFUT,TORNTPHARM26MAYFUT,pharma,True,0.007728,-3.5102,0.407545,5064.2383,2158.2,5064.2383,55.8804,99.3,0.3823,86633,6.4,0.1461
ADANIPORTS26MAYFUT,OBEROIRLTY26MAYFUT,mixed,True,0.007815,-3.5068,0.30917,1271.9341,3580.5,1271.9341,22.6826,133.18,0.3218,94895,15.6,0.1036
BANKBARODA26MAYFUT,IDFCFIRSTB26MAYFUT,banking,True,0.007997,-3.4996,3.453867,28.3117,1004.6,28.3117,2.1661,130.67,0.6982,41819,21.8,0.4875
HEROMOTOCO26MAYFUT,EICHERMOT26MAYFUT,auto,True,0.008396,-3.4844,0.572727,1023.3118,1563.3,1023.3118,36.6681,61.26,0.7001,81162,24.8,0.4902
CIPLA26MAYFUT,TORNTPHARM26MAYFUT,pharma,True,0.008616,-3.4764,0.274646,195.4201,5498.3,195.4201,34.2573,117.99,0.4208,110219,13.1,0.177
ADANIENT26MAYFUT,MUTHOOTFIN26MAYFUT,mixed,True,0.00962,-3.4416,-0.382952,3966.8089,6817.1,3966.8089,70.6199,233.84,-0.516,116222,4.9,0.2663
ASIANPAINT26MAYFUT,TITAN26MAYFUT,mixed,True,0.01046,-3.4149,0.029414,2497.41,2680.6,2497.41,19.9542,59.26,0.0585,101030,18.6,0.0034
ADANIENT26MAYFUT,OBEROIRLTY26MAYFUT,mixed,True,0.010603,-3.4106,0.672082,1582.0602,7882.8,1582.0602,86.5223,401.58,0.1945,96589,7.4,0.0378
ADANIPORTS26MAYFUT,GRASIM26MAYFUT,mixed,True,0.011416,-3.3868,0.105878,1461.6917,3512.4,1461.6917,21.446,90.05,0.3601,93498,22.4,0.1297
ADANIPORTS26MAYFUT,RELIANCE26MAYFUT,mixed,True,0.011423,-3.3866,-0.487723,2434.9861,3563.2,2434.9861,21.3162,136.31,-0.3183,108146,5.1,0.1013
ADANIENT26MAYFUT,GRASIM26MAYFUT,mixed,True,0.011426,-3.3865,0.281326,1842.3804,7314.8,1842.3804,79.4592,279.86,0.288,98073,11.9,0.0829
ADANIPORTS26MAYFUT,COCHINSHIP26MAYFUT,mixed,True,0.011492,-3.3847,-0.083844,1906.4303,4028.6,1906.4303,21.9389,131.31,-0.249,107793,20.1,0.062
BHARTIARTL26MAYFUT,ASIANPAINT26MAYFUT,mixed,True,0.012738,-3.3512,-0.779716,3926.7866,6867.4,3926.7866,48.8076,216.77,-0.2928,95729,16.1,0.0857
ADANIENT26MAYFUT,COCHINSHIP26MAYFUT,mixed,True,0.012878,-3.3477,-0.669651,3726.6125,6042.3,3726.6125,69.8425,329.18,-0.53,112119,10.4,0.2809
HINDUNILVR26MAYFUT,BRITANNIA26MAYFUT,fmcg,True,0.01295,-3.3458,0.534734,-617.99,2276.3,-617.99,20.2672,53.19,0.7028,102256,23.2,0.4939
PIDILITIND26MAYFUT,OBEROIRLTY26MAYFUT,mixed,True,0.013519,-3.3317,0.349611,894.9996,1401.9,894.9996,10.5246,68.16,0.6317,55756,26.0,0.399
ADANIPORTS26MAYFUT,BHARTIARTL26MAYFUT,mixed,True,0.014089,-3.3181,0.305884,1198.7084,2947.6,1198.7084,16.5883,90.7,0.6778,110805,21.4,0.4594
CIPLA26MAYFUT,ALKEM26MAYFUT,pharma,True,0.014368,-3.3116,0.140594,630.1594,6488.9,630.1594,37.9,109.64,0.2074,100992,5.4,0.043
ICICIBANK26MAYFUT,AXISBANK26MAYFUT,banking,True,0.014629,-3.3056,0.451786,682.4568,2352.8,682.4568,6.7874,54.16,0.6939,99227,12.0,0.4815
TVSMOTOR26MAYFUT,M&M26MAYFUT,auto,True,0.015122,-3.2946,1.868815,-2419.511,2818.6,-2419.511,50.6439,154.99,0.7396,123385,12.5,0.5469
ADANIPORTS26MAYFUT,PIDILITIND26MAYFUT,mixed,True,0.018981,-3.2177,0.571561,930.5871,2544.3,930.5871,21.0196,129.98,0.3722,66512,6.6,0.1385
BHARTIARTL26MAYFUT,BAJAJFINSV26MAYFUT,mixed,True,0.019688,-3.2052,0.240007,1471.6924,11911.1,1471.6924,45.3567,249.53,0.0812,94780,4.1,0.0066
BAJFINANCE26MAYFUT,LICHSGFIN26MAYFUT,nbfc,True,0.021932,-3.1677,-0.266177,1059.0668,1377.8,1059.0668,7.6921,104.81,-0.5118,39183,6.8,0.2619
BRITANNIA26MAYFUT,TATACONSUM26MAYFUT,fmcg,True,0.022011,-3.1664,0.764464,4437.7249,2391.7,4437.7249,35.3382,107.25,0.3955,82178,16.6,0.1564
JSWSTEEL26MAYFUT,SAIL26MAYFUT,metals,True,0.022806,-3.154,0.757188,1138.0723,292.1,1138.0723,9.1133,122.92,0.3424,11408,2.5,0.1173
INDUSINDBK26MAYFUT,LICHSGFIN26MAYFUT,nbfc,True,0.024611,-3.1271,0.179113,802.0036,1037.5,802.0036,7.2834,99.9,0.396,34868,4.5,0.1568
SUNPHARMA26MAYFUT,CIPLA26MAYFUT,pharma,True,0.024722,-3.1255,0.339624,1394.1768,3227.8,1394.1768,13.5592,82.58,0.6396,90831,17.1,0.4091
LICHSGFIN26MAYFUT,FEDERALBNK26MAYFUT,nbfc,True,0.024723,-3.1255,-3.755099,1617.4274,900.7,1617.4274,12.0403,288.07,-0.5898,21902,6.1,0.3479
ADANIENT26MAYFUT,TITAN26MAYFUT,mixed,True,0.026287,-3.1036,1.265927,-2531.7583,4646.0,-2531.7583,66.3616,195.24,0.5864,114967,13.4,0.3439
HEROMOTOCO26MAYFUT,TVSMOTOR26MAYFUT,auto,True,0.027461,-3.0879,0.388454,3678.927,2640.9,3678.927,41.6843,98.99,0.5834,91465,22.0,0.3403
ALKEM26MAYFUT,TORNTPHARM26MAYFUT,pharma,True,0.02839,-3.0759,-0.119633,6036.7111,2186.7,6036.7111,55.7407,112.49,-0.1242,92486,19.8,0.0154
GRASIM26MAYFUT,OBEROIRLTY26MAYFUT,mixed,True,0.02976,-3.0588,2.900334,-1741.449,2390.6,-1741.449,52.1615,224.99,0.8124,88617,12.2,0.6599
KOTAKBANK26MAYFUT,IDFCFIRSTB26MAYFUT,banking,True,0.030487,-3.0499,-1.39894,481.197,1840.9,481.197,3.7923,167.04,-0.2612,44893,8.4,0.0682
TITAN26MAYFUT,MUTHOOTFIN26MAYFUT,mixed,True,0.030634,-3.0482,-0.066712,4339.3873,3963.8,4339.3873,36.9531,98.93,-0.1924,122908,27.8,0.037
TITAN26MAYFUT,COCHINSHIP26MAYFUT,mixed,True,0.031545,-3.0374,-0.013518,4135.7992,3829.4,4135.7992,37.6761,132.72,-0.0235,115352,17.8,0.0006
CIPLA26MAYFUT,DIVISLAB26MAYFUT,pharma,True,0.031691,-3.0357,0.181421,163.7733,6340.4,163.7733,35.4637,85.86,0.3052,93901,6.4,0.0931
LUPIN26MAYFUT,ALKEM26MAYFUT,pharma,True,0.03549,-2.9937,0.116102,1618.1673,2133.3,1618.1673,16.6056,42.76,0.3802,80523,15.5,0.1445
TECHM26MAYFUT,HCLTECH26MAYFUT,it,True,0.035919,-2.9892,1.665788,-514.9642,2520.2,-514.9642,15.8782,124.03,0.9056,94363,15.2,0.8202
BEL26MAYFUT,POWERGRID26MAYFUT,infra,True,0.036251,-2.9857,0.649632,229.4263,1614.4,229.4263,4.3998,121.8,0.5892,39469,4.6,0.3471
ADANIPORTS26MAYFUT,ASIANPAINT26MAYFUT,mixed,True,0.036559,-2.9825,0.40664,711.24,3817.8,711.24,22.5466,102.65,0.3273,94358,15.6,0.1071
TITAN26MAYFUT,BAJAJFINSV26MAYFUT,mixed,True,0.039601,-2.9522,0.107621,3935.2099,3413.3,3935.2099,35.8022,121.99,0.0481,97307,3.2,0.0023
ADANIENT26MAYFUT,ASIANPAINT26MAYFUT,mixed,True,0.039787,-2.9505,0.508372,1348.5196,9064.8,1348.5196,86.5919,326.84,0.118,98427,4.1,0.0139
KOTAKBANK26MAYFUT,BANKBARODA26MAYFUT,banking,True,0.040706,-2.9417,-0.133774,421.0323,3055.9,421.0323,3.8909,119.77,-0.1151,69982,13.6,0.0132
DRREDDY26MAYFUT,LUPIN26MAYFUT,pharma,True,0.041848,-2.9311,0.622954,-96.8555,3837.4,-96.8555,25.1213,140.98,0.4056,65223,2.6,0.1645
BHARTIARTL26MAYFUT,GRASIM26MAYFUT,mixed,True,0.04258,-2.9244,0.000514,1883.4271,14233.2,1883.4271,48.581,199.61,0.0008,95045,15.6,0.0
DRREDDY26MAYFUT,AUROPHARMA26MAYFUT,pharma,True,0.043096,-2.9198,0.215788,988.4899,2012.1,988.4899,23.2932,164.92,0.2031,26906,4.1,0.0412
RELIANCE26MAYFUT,MUTHOOTFIN26MAYFUT,mixed,True,0.043289,-2.918,0.103207,1006.0213,3749.0,1006.0213,8.7516,37.17,0.7893,119309,16.5,0.6229
BEL26MAYFUT,NTPC26MAYFUT,infra,True,0.043351,-2.9175,1.34778,-105.2822,3007.4,-105.2822,5.1439,126.12,0.6544,85832,8.5,0.4282
BHARTIARTL26MAYFUT,TITAN26MAYFUT,mixed,True,0.045147,-2.9017,0.758821,-1239.4516,5947.0,-1239.4516,38.8262,129.38,0.6028,114451,36.2,0.3633
ADANIENT26MAYFUT,RELIANCE26MAYFUT,mixed,True,0.045697,-2.897,-2.25187,5725.0949,7155.3,5725.0949,75.61,375.01,-0.4007,110880,6.6,0.1606
PIDILITIND26MAYFUT,MUTHOOTFIN26MAYFUT,mixed,True,0.04579,-2.8962,0.067655,1235.9848,2236.2,1235.9848,11.799,48.52,0.5812,68102,18.2,0.3378
LT26MAYFUT,HAL26MAYFUT,infra,True,0.046358,-2.8914,0.070527,3583.5189,4537.3,3583.5189,30.6836,73.69,0.3391,103652,9.9,0.115
OBEROIRLTY26MAYFUT,PRESTIGE26MAYFUT,realty,True,0.047924,-2.8784,0.804422,532.3662,1866.7,532.3662,17.4175,116.06,0.7727,86562,19.0,0.597
PRESTIGE26MAYFUT,PHOENIXLTD26MAYFUT,realty,True,0.049337,-2.8669,0.545541,414.357,2170.4,414.357,20.7509,132.88,0.5192,87553,24.2,0.2695
BHARTIARTL26MAYFUT,MUTHOOTFIN26MAYFUT,mixed,True,0.053982,-2.831,-0.314832,2942.983,8240.0,2942.983,33.7519,128.64,-0.726,115225,16.6,0.527
LT26MAYFUT,NTPC26MAYFUT,infra,True,0.054046,-2.8305,3.734683,2435.664,3984.8,2435.664,31.8118,148.32,0.3353,92039,14.1,0.1124
VOLTAS26MAYFUT,BLUESTARCO26MAYFUT,industrials,True,0.055697,-2.8184,0.659966,174.5061,2624.5,174.5061,18.1012,123.74,0.6559,79818,12.5,0.4303
LT26MAYFUT,BDL26MAYFUT,infra,True,0.057341,-2.8066,0.419156,3340.5105,4132.9,3340.5105,29.9843,114.99,0.3796,96031,16.4,0.1441
LT26MAYFUT,POWERGRID26MAYFUT,infra,True,0.058724,-2.7969,4.239054,2622.7896,2044.9,2622.7896,32.1621,153.7,0.508,41735,12.9,0.2581
BHARTIARTL26MAYFUT,COCHINSHIP26MAYFUT,mixed,True,0.058949,-2.7953,-0.54587,2738.5581,6825.4,2738.5581,32.8421,190.4,-0.7475,110560,6.6,0.5588
TITAN26MAYFUT,OBEROIRLTY26MAYFUT,mixed,True,0.060568,-2.7842,-0.339821,4669.2771,3439.0,4669.2771,37.6673,131.09,-0.2256,104275,22.0,0.0509
BLUESTARCO26MAYFUT,CROMPTON26MAYFUT,industrials,True,0.060939,-2.7817,1.914678,1098.056,3263.2,1098.056,20.9502,214.84,0.3984,107456,5.0,0.1587
RELIANCE26MAYFUT,PIDILITIND26MAYFUT,mixed,True,0.061314,-2.7792,0.673182,368.4603,2765.6,368.4603,12.3611,87.62,0.617,64792,14.5,0.3807
CIPLA26MAYFUT,DRREDDY26MAYFUT,pharma,True,0.062549,-2.7709,1.326429,-338.4289,3394.2,-338.4289,25.1786,185.96,0.8155,78571,16.2,0.665
RELIANCE26MAYFUT,OBEROIRLTY26MAYFUT,mixed,True,0.069085,-2.7294,0.281769,891.0177,4413.1,891.0177,11.3186,75.83,0.5364,101242,21.2,0.2877
TECHM26MAYFUT,INFY26MAYFUT,it,True,0.07268,-2.7079,1.060291,185.1842,3386.3,185.1842,16.2504,126.89,0.9019,91928,18.5,0.8134
SAIL26MAYFUT,VEDL26MAYFUT,metals,True,0.073332,-2.7041,0.379661,72.784,669.5,72.784,4.0737,155.88,0.4357,18265,6.9,0.1899
PIDILITIND26MAYFUT,COCHINSHIP26MAYFUT,mixed,True,0.080503,-2.6639,0.11802,1278.6839,2543.7,1278.6839,12.2324,80.24,0.5547,65585,0.8,0.3077
BDL26MAYFUT,POWERGRID26MAYFUT,infra,True,0.082144,-2.6551,4.630246,-66.9782,1626.3,-66.9782,18.5198,229.44,0.7713,41100,9.8,0.5948
DIVISLAB26MAYFUT,AUROPHARMA26MAYFUT,pharma,True,0.08218,-2.6549,0.50124,6088.3998,1341.6,6088.3998,60.2069,144.22,0.1815,31013,8.1,0.033
RELIANCE26MAYFUT,BHARTIARTL26MAYFUT,mixed,True,0.082199,-2.6548,-0.215772,1758.2432,4654.7,1758.2432,10.5984,65.52,-0.7035,110522,34.5,0.4949
ADANIENT26MAYFUT,BHARTIARTL26MAYFUT,mixed,True,0.083615,-2.6473,1.444013,-45.7228,4954.0,-45.7228,45.1211,197.83,0.8409,111270,10.6,0.7071
HINDALCO26MAYFUT,SAIL26MAYFUT,metals,True,0.085868,-2.6356,2.784568,527.7897,698.0,527.7897,13.8885,218.72,0.6284,18104,8.2,0.3949
HDFCBANK26MAYFUT,SBIN26MAYFUT,banking,True,0.091248,-2.6085,0.392321,390.602,5377.8,390.602,7.1127,82.68,0.4693,115309,7.5,0.2202
BAJFINANCE26MAYFUT,INDUSINDBK26MAYFUT,nbfc,True,0.092209,-2.6038,0.277818,660.8001,3715.6,660.8001,8.1593,90.12,0.3198,90550,18.5,0.1023
SBIN26MAYFUT,IDFCFIRSTB26MAYFUT,banking,True,0.093653,-2.5968,8.497078,376.1989,2407.7,376.1989,7.9892,156.4,0.5805,56700,3.8,0.337
BEL26MAYFUT,BDL26MAYFUT,infra,True,0.099131,-2.571,0.165928,204.2707,3831.8,204.2707,4.4687,51.18,0.7338,96500,14.2,0.5384
ICICIBANK26MAYFUT,HDFCBANK26MAYFUT,banking,True,0.099674,-2.5685,0.874231,580.2736,3756.8,580.2736,7.8486,77.95,0.6296,116281,19.9,0.3964
RELIANCE26MAYFUT,GRASIM26MAYFUT,mixed,True,0.100407,-2.5652,0.055416,1186.1135,6251.2,1186.1135,12.6059,57.96,0.3619,98999,12.4,0.131
LUPIN26MAYFUT,AUROPHARMA26MAYFUT,pharma,True,0.101243,-2.5614,0.024943,2220.1001,1430.8,2220.1001,18.4053,97.8,0.0329,34491,4.2,0.0011
ADANIENT26MAYFUT,PIDILITIND26MAYFUT,mixed,True,0.107531,-2.5335,1.439853,538.899,6895.5,538.899,88.0744,427.99,0.2367,65306,9.4,0.056
DRREDDY26MAYFUT,ALKEM26MAYFUT,pharma,True,0.108841,-2.5279,-0.020564,1420.4942,5991.0,1420.4942,26.9259,79.0,-0.0418,65299,9.4,0.0017
HDFCBANK26MAYFUT,IDFCFIRSTB26MAYFUT,banking,True,0.113287,-2.5091,0.874936,706.5683,3322.1,706.5683,6.7509,161.91,0.0873,68008,9.0,0.0076
LT26MAYFUT,BEL26MAYFUT,infra,True,0.11334,-2.5088,1.487488,3260.9196,4306.8,3260.9196,29.285,135.76,0.3263,92345,21.2,0.1065
TCS26MAYFUT,WIPRO26MAYFUT,it,True,0.113579,-2.5078,4.820763,1343.2197,4602.9,1343.2197,22.4866,181.8,0.7916,91347,12.2,0.6266
BHARTIARTL26MAYFUT,OBEROIRLTY26MAYFUT,mixed,True,0.113894,-2.5065,-0.402342,2540.4104,14636.1,2540.4104,50.7267,288.68,-0.194,95335,16.1,0.0376
BAJAJFINSV26MAYFUT,MUTHOOTFIN26MAYFUT,mixed,True,0.114627,-2.5035,-0.03181,1852.9228,4008.0,1852.9228,15.4202,60.44,-0.2211,97750,8.2,0.0489
MUTHOOTFIN26MAYFUT,COCHINSHIP26MAYFUT,mixed,True,0.115499,-2.4999,1.415965,1143.2033,5385.8,1143.2033,59.8488,243.14,0.84,116555,30.0,0.7056
BDL26MAYFUT,NTPC26MAYFUT,infra,True,0.11633,-2.4965,5.628042,-885.0358,3589.5,-885.0358,22.1175,258.16,0.6407,89121,5.8,0.4105
RELIANCE26MAYFUT,TITAN26MAYFUT,mixed,True,0.125854,-2.4587,-0.144232,1945.5333,6211.8,1945.5333,13.2787,48.58,-0.3734,120123,16.5,0.1394
HDFCBANK26MAYFUT,BANKBARODA26MAYFUT,banking,True,0.126372,-2.4567,0.872786,537.7628,4505.5,537.7628,6.8358,132.45,0.3748,88469,9.5,0.1404
INDUSINDBK26MAYFUT,FEDERALBNK26MAYFUT,nbfc,True,0.131783,-2.4362,0.495765,758.3957,2385.0,758.3957,9.1974,155.58,0.1174,51840,8.8,0.0138
PIDILITIND26MAYFUT,BAJAJFINSV26MAYFUT,mixed,True,0.139121,-2.4093,0.312476,922.2941,2800.9,922.2941,14.1399,88.18,0.3241,56751,1.0,0.1051
BEL26MAYFUT,HAL26MAYFUT,infra,True,0.140093,-2.4058,0.026718,305.1054,5342.5,305.1054,5.0124,20.61,0.6473,97662,9.0,0.419
AXISBANK26MAYFUT,BANKBARODA26MAYFUT,banking,True,0.145567,-2.3866,2.81869,513.1051,3407.0,513.1051,10.0213,131.75,0.6628,83095,10.1,0.4393
BAJAJFINSV26MAYFUT,COCHINSHIP26MAYFUT,mixed,True,0.157006,-2.3478,-0.020383,1777.5163,4258.6,1777.5163,15.7956,95.44,-0.0817,93026,8.5,0.0067
BAJAJ-AUTO26MAYFUT,EICHERMOT26MAYFUT,auto,True,0.176599,-2.2858,1.001009,3425.0295,5192.1,3425.0295,121.1004,139.65,0.4817,101836,8.2,0.232
PIDILITIND26MAYFUT,TITAN26MAYFUT,mixed,True,0.186955,-2.2548,0.099521,1056.6991,3397.9,1056.6991,14.1002,50.56,0.256,68732,10.5,0.0655
DRREDDY26MAYFUT,DIVISLAB26MAYFUT,pharma,True,0.18923,-2.2482,0.055535,928.554,6405.2,928.554,27.0071,66.25,0.1304,59208,7.6,0.017
SUNPHARMA26MAYFUT,TORNTPHARM26MAYFUT,pharma,True,0.192106,-2.2398,0.145214,1232.2028,4091.9,1232.2028,15.1425,48.22,0.4917,84231,1.5,0.2418
ICICIBANK26MAYFUT,BANKBARODA26MAYFUT,banking,True,0.200991,-2.2146,1.486313,859.8724,3408.4,859.8724,8.5279,112.53,0.4938,73405,34.6,0.2438
RELIANCE26MAYFUT,COCHINSHIP26MAYFUT,mixed,True,0.202344,-2.2108,0.148286,1120.3977,6146.4,1120.3977,10.8351,74.31,0.6703,111255,6.0,0.4493
CHOLAFIN26MAYFUT,INDUSINDBK26MAYFUT,nbfc,True,0.211224,-2.1864,1.562913,137.5273,4645.6,137.5273,24.8814,203.62,0.5279,86729,11.2,0.2787
CHOLAFIN26MAYFUT,BAJFINANCE26MAYFUT,nbfc,True,0.213905,-2.1791,-0.726144,2204.5865,8052.8,2204.5865,28.3525,231.04,-0.2196,110541,0.8,0.0482
RELIANCE26MAYFUT,BAJAJFINSV26MAYFUT,mixed,True,0.218278,-2.1674,0.158416,1074.7872,7195.2,1074.7872,14.1411,91.28,0.1732,93308,7.0,0.03
BHARTIARTL26MAYFUT,PIDILITIND26MAYFUT,mixed,True,0.228838,-2.1397,-0.722409,2929.6688,12332.5,2929.6688,55.3151,331.57,-0.1908,67968,4.4,0.0364
ICICIBANK26MAYFUT,KOTAKBANK26MAYFUT,banking,True,0.235169,-2.1235,0.692872,983.0378,3968.6,983.0378,8.2525,101.03,0.2979,83232,18.1,0.0888
SUNPHARMA26MAYFUT,ALKEM26MAYFUT,pharma,True,0.241951,-2.1064,-0.057337,2187.6334,5065.0,2187.6334,17.0374,46.16,-0.1998,76755,12.5,0.0399
HCLTECH26MAYFUT,WIPRO26MAYFUT,it,True,0.255382,-2.0733,3.113812,551.5712,5594.5,551.5712,11.4633,170.23,0.8517,96789,19.5,0.7253
GRASIM26MAYFUT,BAJAJFINSV26MAYFUT,mixed,True,0.270162,-2.038,3.206709,-2615.4963,4353.0,-2615.4963,63.1053,266.26,0.5935,81156,20.5,0.3522
SBIN26MAYFUT,KOTAKBANK26MAYFUT,banking,True,0.27412,-2.0287,0.421981,794.5687,6376.9,794.5687,9.668,144.1,0.177,83679,12.2,0.0313
HAL26MAYFUT,POWERGRID26MAYFUT,infra,True,0.276569,-2.023,24.281032,-2856.6358,3293.0,-2856.6358,111.8681,476.11,0.7226,41956,10.5,0.5222
SUNPHARMA26MAYFUT,AUROPHARMA26MAYFUT,pharma,True,0.278644,-2.0182,0.155142,1643.0601,2576.0,1643.0601,16.5863,98.07,0.2332,32788,7.2,0.0544
ICICIBANK26MAYFUT,SBIN26MAYFUT,banking,True,0.285482,-2.0025,0.540463,732.3348,4439.8,732.3348,8.3967,76.25,0.4905,95245,11.1,0.2405
ICICIBANK26MAYFUT,IDFCFIRSTB26MAYFUT,banking,True,0.291704,-1.9884,8.174572,692.4549,3118.7,692.4549,9.7006,147.42,0.507,54765,2.8,0.257
HAL26MAYFUT,NTPC26MAYFUT,infra,True,0.298543,-1.973,26.78046,-6064.5877,7461.2,-6064.5877,126.789,525.54,0.5603,95950,3.0,0.3139
ONGC26MAYFUT,COALINDIA26MAYFUT,energy,True,0.299597,-1.9706,0.249543,182.4136,4195.9,182.4136,2.9542,77.95,0.3307,62900,6.0,0.1094
BAJAJ-AUTO26MAYFUT,MARUTI26MAYFUT,auto,True,0.334677,-1.8944,0.477217,4163.7598,6141.2,4163.7598,122.9338,104.81,0.3548,94935,9.0,0.1259
AUROPHARMA26MAYFUT,ALKEM26MAYFUT,pharma,True,0.341762,-1.8795,0.189464,467.1618,2176.4,467.1618,20.3253,58.08,0.4592,32755,4.4,0.2109
SUNPHARMA26MAYFUT,LUPIN26MAYFUT,pharma,True,0.351503,-1.8592,0.147084,1540.3552,6406.1,1540.3552,18.085,87.57,0.1479,77875,19.0,0.0219
VOLTAS26MAYFUT,CROMPTON26MAYFUT,industrials,True,0.364347,-1.8327,-0.407315,1387.1019,7112.6,1387.1019,24.2492,310.75,-0.0814,77378,4.5,0.0066
SUNPHARMA26MAYFUT,DIVISLAB26MAYFUT,pharma,True,0.367789,-1.8257,-0.001251,1881.3512,6388.9,1881.3512,18.436,42.28,-0.0044,69866,12.0,0.0
ONGC26MAYFUT,IOC26MAYFUT,energy,True,0.386747,-1.7874,-0.003426,298.0328,5393.0,298.0328,2.9244,134.32,-0.0036,67605,4.5,0.0
TATASTEEL26MAYFUT,SAIL26MAYFUT,metals,True,0.39365,-1.7736,0.524016,111.1893,1707.7,111.1893,4.7004,228.8,0.444,18310,6.5,0.1971
AXISBANK26MAYFUT,SBIN26MAYFUT,banking,True,0.394688,-1.7715,0.796849,494.4617,5202.2,494.4617,10.259,92.73,0.5921,96097,11.4,0.3506
BAJAJ-AUTO26MAYFUT,TVSMOTOR26MAYFUT,auto,True,0.429232,-1.7037,0.502214,8672.6232,8720.1,8672.6232,128.1835,185.8,0.2816,111431,7.2,0.0793
BAJAJ-AUTO26MAYFUT,M&M26MAYFUT,auto,True,0.431175,-1.6999,1.526054,5621.386,8023.8,5621.386,125.2601,185.49,0.3366,113291,17.5,0.1133
BPCL26MAYFUT,ONGC26MAYFUT,energy,True,0.433675,-1.695,-0.357195,397.2265,5398.4,397.2265,5.4406,184.9,-0.1674,47651,10.8,0.028
AXISBANK26MAYFUT,KOTAKBANK26MAYFUT,banking,True,0.454791,-1.6543,-0.899669,1601.7468,7439.9,1601.7468,13.1891,160.8,-0.2633,91275,11.4,0.0694
BAJAJ-AUTO26MAYFUT,HEROMOTOCO26MAYFUT,auto,True,0.462745,-1.6391,0.051012,10152.5097,7890.6,10152.5097,131.3232,170.4,0.0196,86838,2.8,0.0004
MUTHOOTFIN26MAYFUT,OBEROIRLTY26MAYFUT,mixed,True,0.52297,-1.5213,0.212895,2993.6658,17476.3,2993.6658,93.9378,377.7,0.0584,105193,6.8,0.0034
HINDALCO26MAYFUT,TATASTEEL26MAYFUT,metals,True,0.573431,-1.4184,-0.045606,1087.9524,14090.6,1087.9524,19.2188,297.88,-0.0132,105875,3.5,0.0002
AUROPHARMA26MAYFUT,TORNTPHARM26MAYFUT,pharma,True,0.574893,-1.4154,-0.102657,1960.9896,4384.4,1960.9896,23.3753,78.92,-0.2542,38418,11.0,0.0646
HINDALCO26MAYFUT,VEDL26MAYFUT,metals,True,0.601645,-1.3593,1.46884,592.7198,8624.5,592.7198,16.9063,241.59,0.4077,79677,0.0,0.1663
INFY26MAYFUT,WIPRO26MAYFUT,it,True,0.613303,-1.3344,4.574064,269.547,9785.8,269.547,16.3826,243.07,0.8601,94810,26.1,0.7398
BPCL26MAYFUT,COALINDIA26MAYFUT,energy,True,0.615217,-1.3303,-0.085413,328.873,11064.0,328.873,6.0793,161.91,-0.0575,70606,4.8,0.0033
AXISBANK26MAYFUT,HDFCBANK26MAYFUT,banking,True,0.630189,-1.2978,0.138157,1150.0527,12805.1,1150.0527,13.7673,136.15,0.0777,115602,8.2,0.006
COCHINSHIP26MAYFUT,OBEROIRLTY26MAYFUT,mixed,True,0.692227,-1.156,0.392938,919.0074,21666.5,919.0074,63.4269,397.34,0.1585,97844,0.0,0.0251
TECHM26MAYFUT,WIPRO26MAYFUT,it,True,0.717421,-1.0941,3.925236,650.0822,15041.7,650.0822,29.3069,365.01,0.6326,78071,9.0,0.4002
IOC26MAYFUT,COALINDIA26MAYFUT,energy,True,0.745882,-1.02,0.081474,100.0273,21287.2,100.0273,3.3754,112.7,0.0922,96039,20.2,0.0085
GRASIM26MAYFUT,TITAN26MAYFUT,mixed,True,0.756829,-0.9902,-0.541724,5225.3767,19561.6,5225.3767,84.201,236.78,-0.2421,101885,21.2,0.0586
TATASTEEL26MAYFUT,VEDL26MAYFUT,metals,True,0.772575,-0.9456,0.018723,208.4705,22442.6,208.4705,5.7164,211.03,0.0171,86178,1.8,0.0003
GRASIM26MAYFUT,MUTHOOTFIN26MAYFUT,mixed,True,0.884576,-0.5371,-0.150082,3499.4508,37235.3,3499.4508,85.1505,268.28,-0.1766,103106,3.8,0.0312
GRASIM26MAYFUT,COCHINSHIP26MAYFUT,mixed,True,0.908311,-0.4106,-0.146665,3225.6213,40546.5,3225.6213,86.4352,379.11,-0.1059,98087,11.8,0.0112
GRASIM26MAYFUT,PIDILITIND26MAYFUT,mixed,True,0.919539,-0.3407,1.535134,725.1584,16584.3,725.1584,64.1812,288.9,0.3059,52865,10.6,0.0936
